﻿Designator,Quantity,Value,Footprint,Package,MPN,DNP,Mount_Type,Description,LCSC,MF,DESCRIPTION,PRICE,Check_prices,STANDARD,SnapEDA_Link,MP,Availability,Price,Description_1,Height,Manufacturer_Name,Mouser Part Number,Mouser Price/Stock,Arrow Part Number,Arrow Price/Stock
", , , , , , ",7,,,,,,tht,,,,,,,,,,,,,,,,,,
"AMB1, AMB10, AMB2, AMB3, AMB4, AMB5, AMB6, AMB7, AMB8, AMB9, GLO1, GLO2, GLO3, LED1, LED10, LED11, LED12, LED13, LED14, LED15, LED16, LED17, LED18, LED19, LED2, LED20, LED21, LED22, LED23, LED24, LED25, LED26, LED27, LED28, LED29, LED3, LED30, LED31, LED32, LED33, LED34, LED35, LED36, LED37, LED38, LED39, LED4, LED40, LED41, LED42, LED43, LED44, LED45, LED46, LED47, LED48, LED49, LED5, LED50, LED51, LED52, LED53, LED54, LED55, LED56, LED57, LED58, LED59, LED6, LED60, LED61, LED62, LED63, LED64, LED65, LED66, LED67, LED68, LED69, LED7, LED70, LED71, LED72, LED73, LED74, LED75, LED76, LED77, LED78, LED79, LED8, LED80, LED81, LED9",94,SK6812,LED_6028R,,,,smt,Reverse mount adressable LED (WS2812 protocol),C5149201 ,,,,,,,,,,,,,,,,
"C1, C11, EC4",3,1u,C_0402,,,,smt,"Unpolarized capacitor, small symbol",,,,,,,,,,,,,,,,,
"C10, C2, C3, C4, C5, C6, C7, C8, C9, EC1, EC2, EC3",12,0.1u,C_0402,,,,smt,"Unpolarized capacitor, small symbol",,,,,,,,,,,,,,,,,
C12,1,4.7uF,C_0805,,,,smt,"Unpolarized capacitor, small symbol",,,,,,,,,,,,,,,,,
C13,1,10uF,C_0805,,,,smt,"Unpolarized capacitor, small symbol",,,,,,,,,,,,,,,,,
C14,1,4.7uF,C_0603,,,,smt,"Unpolarized capacitor, small symbol",,,,,,,,,,,,,,,,,
"C15, C16, C20, C21",4,10uF,C_0603,,,,smt,"Unpolarized capacitor, small symbol",,,,,,,,,,,,,,,,,
C17,1,0.1uF,C_0603,,,,smt,"Unpolarized capacitor, small symbol",,,,,,,,,,,,,,,,,
"C18, C19, C30, CL1, CL10, CL11, CL12, CL13, CL14, CL15, CL16, CL17, CL18, CL19, CL2, CL20, CL21, CL22, CL23, CL24, CL25, CL26, CL27, CL28, CL29, CL3, CL30, CL31, CL32, CL33, CL34, CL35, CL36, CL37, CL38, CL39, CL4, CL40, CL41, CL42, CL43, CL44, CL45, CL46, CL47, CL48, CL49, CL5, CL50, CL51, CL52, CL53, CL54, CL55, CL56, CL57, CL58, CL59, CL6, CL60, CL61, CL62, CL63, CL64, CL65, CL66, CL67, CL68, CL69, CL7, CL70, CL71, CL72, CL73, CL74, CL75, CL76, CL77, CL78, CL79, CL8, CL80, CL81, CL9",84,0.1u,C_0603,,,,smt,"Unpolarized capacitor, small symbol",,,,,,,,,,,,,,,,,
C22,1,47uF,C_0805,,,,smt,"Unpolarized capacitor, small symbol",,,,,,,,,,,,,,,,,
"C23, C24, VC1",3,47uF,CP_EIA-3216-12_Kemet-S,,,,smt,"Polarized capacitor, small symbol",,,,,,,,,,,,,,,,,
"C25, C26",2,30p,C_0603,,,,smt,"Unpolarized capacitor, small symbol",C1658,,,,,,,,,,,,,,,,
"C27, C28, C29",3,4.7n,C_0603,,,,smt,"Unpolarized capacitor, small symbol",,,,,,,,,,,,,,,,,
C31,1,0.1u,R_0603,,,,smt,"Unpolarized capacitor, small symbol",,,,,,,,,,,,,,,,,
"CA1, CA10, CA2, CA3, CA4, CA5, CA6, CA7, CA8, CA9, CG1, CG2, CG3, MC1, MC2, MC3",16,0.1uF,C_0402,,,,smt,"Unpolarized capacitor, small symbol",,,,,,,,,,,,,,,,,
D1,1,RED,LED_0603_1608Metric,,,,smt,"SMD LED, 0603, Alternate KiCad Library",,,,,,,,,,,,,,,,,
EC5,1,10u,C_0402,,,,smt,"Unpolarized capacitor, small symbol",,,,,,,,,,,,,,,,,
ESP_BOOT1,1,ESP_BOOT,SW_SPST_EVQP2_MiddlePushTravel_H2.5mm,,,,smt,"Push button switch, generic, two pins",,,,,,,,,,,,,,,,,
F1,1,1.1A,Fuse_1206_3216Metric_Pad1.42x1.75mm_HandSolder,,,,smt,"Resettable fuse, polymeric positive temperature coefficient, small symbol",,,,,,,,,,,,,,,,,
"FB1, FB2",2,600R,Ferrite_0805,,,,smt,"Ferrite bead, small symbol",,,,,,,,,,,,,,,,,
"HE1, HE10, HE11, HE12, HE13, HE14, HE15, HE16, HE17, HE18, HE19, HE2, HE20, HE21, HE22, HE23, HE24, HE25, HE26, HE27, HE29, HE3, HE31, HE32, HE33, HE34, HE35, HE36, HE37, HE38, HE39, HE4, HE40, HE41, HE42, HE44, HE46, HE47, HE48, HE49, HE5, HE50, HE51, HE52, HE53, HE54, HE55, HE56, HE58, HE6, HE60, HE61, HE62, HE63, HE64, HE65, HE66, HE67, HE68, HE69, HE7, HE71, HE76, HE77, HE78, HE79, HE8, HE80, HE81, HE9",70,49E,SW_MX_HE_90deg_1u_Rules,,,,smt,"Hall effect switch, bipolar, -+1000Gs, 4.7mV/Gs, -40C to +150C, SOT-23",C7420984,,,,,,,,,,,,,,,,
HE28,1,49E,SW_MX_HE_90deg_2.00u_Rules,,,,smt,"Hall effect switch, bipolar, -+1000Gs, 4.7mV/Gs, -40C to +150C, SOT-23",C7420984,,,,,,,,,,,,,,,,
"HE30, HE43",2,49E,SW_MX_HE_90deg_1.5u_Rules,,,,smt,"Hall effect switch, bipolar, -+1000Gs, 4.7mV/Gs, -40C to +150C, SOT-23",C7420984,,,,,,,,,,,,,,,,
"HE45, HE70",2,49E,SW_MX_HE_90deg_1.75u_Rules,,,,smt,"Hall effect switch, bipolar, -+1000Gs, 4.7mV/Gs, -40C to +150C, SOT-23",C7420984,,,,,,,,,,,,,,,,
"HE57, HE59",2,49E,SW_MX_HE_90deg_2.25u_Rules,,,,smt,"Hall effect switch, bipolar, -+1000Gs, 4.7mV/Gs, -40C to +150C, SOT-23",C7420984,,,,,,,,,,,,,,,,
"HE72, HE73, HE74",3,49E,SW_MX_HE_90deg_1.25u_Rules,,,,smt,"Hall effect switch, bipolar, -+1000Gs, 4.7mV/Gs, -40C to +150C, SOT-23",C7420984,,,,,,,,,,,,,,,,
HE75,1,49E,SW_MX_HE_90deg_6.25u_Rules,,,,smt,"Hall effect switch, bipolar, -+1000Gs, 4.7mV/Gs, -40C to +150C, SOT-23",C7420984,,,,,,,,,,,,,,,,
"MUX1, MUX2, MUX3",3,ADG732BSUZ,TQFP-48_7x7mm_P0.5mm,TQFP-48 Analog Devices,,,smt,Analog Multiplexer Single 32: 1 48-Pin TQFP Tray,C114845,Analog Devices,Analog Multiplexer Single 32: 1 48-Pin TQFP Tray,None,https://www.snapeda.com/parts/ADG732BSUZ/Analog+Devices/view-part/?ref=eda,IPC7351B,https://www.snapeda.com/parts/ADG732BSUZ/Analog+Devices/view-part/?ref=snap,ADG732BSUZ,In Stock,None,"32-Channel, 4 Ω 1.8 V to 5.5 V, ±2.5 V, Analog Multiplexer",,,,,,
"Q1, Q2",2,AO3401A,SOT-23,,,,smt,"-4.0A Id, -30V Vds, P-Channel MOSFET, SOT-23",,,,,,,,,,,,,,,,,
Q3,1,AO3400A,SOT-23,,,,smt,"30V Vds, 5.7A Id, N-Channel MOSFET, SOT-23",C20917,,,,,,,,,,,,,,,,
"R1, R2",2,27,R_0603,,,,smt,"Resistor, small symbol",,,,,,,,,,,,,,,,,
"R10, R15, R5, R7, R8, R9",6,100,R_0603,,,,smt,"Resistor, small symbol",,,,,,,,,,,,,,,,,
"R11, R16, R6",3,100K,R_0603,,,,smt,"Resistor, small symbol",,,,,,,,,,,,,,,,,
R12,1,10k,R_0603,,,,smt,"Resistor, small symbol",,,,,,,,,,,,,,,,,
"R13, R14, R17",3,10K,R_0603,,,,smt,"Resistor, small symbol",,,,,,,,,,,,,,,,,
"R18, R19",2,47,R_0603,,,,smt,"Resistor, small symbol",,,,,,,,,,,,,,,,,
"R20, R21",2,0,R_0603,,,,smt,"Resistor, small symbol",,,,,,,,,,,,,,,,,
R22,1,330,R_0603,,,,smt,Resistor,,,,,,,,,,,,,,,,,
"R23, R24",2,0R,R_0603,,,,smt,Resistor,,,,,,,,,,,,,,,,,
R3,1,1k,R_0603,,,,smt,"Resistor, small symbol",,,,,,,,,,,,,,,,,
R4,1,DNP,R_0603,,,Yes,smt,"Resistor, small symbol",,,,,,,,,,,,,,,,,
RES1,1,RESET,SW_SPST_EVQP2_MiddlePushTravel_H2.5mm,,,,smt,"Push button switch, generic, two pins",,,,,,,,,,,,,,,,,
SD1,1,MSD-1-A,MSD1A,,MSD-1-A,,tht,"Micro SD Card Connector, 9 Positions, Connector and Ejector, Push In, Auto Eject Out, Surface Mount, 1.8 mm Height Above Board, Gold Flash",,,,,,,,,,,,2,Same Sky,179-MSD-1-A,https://www.mouser.co.uk/ProductDetail/Same-Sky/MSD-1-A?qs=Z%252BL2brAPG1Ip18XLC4tUPQ%3D%3D,MSD-1-A,https://www.arrow.com/en/products/msd-1-a/cui-devices?utm_currency=USD&region=nac
"U1, U2",2,AP2112K-3.3,SOT-23-5,,,,smt,"600mA low dropout linear regulator, with enable pin, 3.8V-6V input voltage range, 3.3V fixed positive output, SOT-23-5",,,,,,,,,,,,,,,,,
U3,1,SN74LV1T125DBV,SOT-23-5,,,,smt,"Single Power Supply, Single Buffer Gate with 3-State Output, CMOS Logic Level Shifter Level Shifter, SOT-23-5",,,,,,,,,,,,,,,,,
U4,1,W25Q128JVS,SOIC-8_5.3x5.3mm_P1.27mm,,,,smt,"128Mbit / 16MiB Serial Flash Memory, Standard/Dual/Quad SPI, 2.7-3.6V, SOIC-8",,,,,,,,,,,,,,,,,
U5,1,RP2040,QFN-56-1EP_7x7mm_P0.4mm_EP3.2x3.2mm,,,,smt,A microcontroller by Raspberry Pi,,,,,,,,,,,,,,,,,
U6,1,ESP32-PICO-D4,QFN-48-1EP_7x7mm_P0.5mm_EP5.3x5.3mm_ExtendedPads,,,,smt,"RF Module, ESP32 SoC, 4MB In-Package flash, Wi-Fi 802.11b/g/n, Bluetooth, BLE, 32-bit, 3.0-3.6V, external antenna, QFN-48",,,,,,,,,,,,,,,,,
Y1,1,12MHz,Crystal_SMD_3225-4Pin_3.2x2.5mm,,,,smt,"Four pin crystal, GND on pins 2 and 4",C9002,,,,,,,,,,,,,,,,
